Endgame, White, Parameter, Move,processing_time
0,True,5,1,2.52151
0,True,5,2,2.04061
0,True,5,3,5.59194
0,True,5,4,11.1931
0,True,5,5,6.92442
0,True,5,6,3.00366
0,True,5,7,2.27969
0,True,5,8,2.91776
0,True,5,9,2.00791
0,True,5,10,1.96609
0,True,5,11,2.84484
0,True,5,12,0.792188
